Name,Dark1,Light1,Dark2,Light2,Accent1,Accent2,Accent3,Accent4,Accent5,Accent6,Hyperlink,Followed,Category,Favorite,Tags,TimesUsed,LastUsed
Mountain Dew Classic,#000000,#F0FFF0,#142814,#DCFFDC,#00FF00,#39B54A,#007800,#FF0000,#FFFF00,#00C878,#00C800,#780000,Food,FALSE,,0,
Mountain Dew Baja,#0A2828,#EBFFFF,#00505A,#D2F5F5,#00C8B4,#50FFF0,#009696,#FF5A00,#FFDC00,#00FFDC,#00AFA0,#006E6E,Custom,TRUE,,0,
Mountain Dew Code Red,#0A0000,#FFEAEA,#3C0000,#FFD2D2,#FF0000,#C80028,#780014,#FF5000,#FFC800,#78003C,#C80000,#780000,Custom,FALSE,,0,
Mountain Dew Voltage,#000028,#E6F0FF,#000050,#D2DCFF,#0078FF,#32A0FF,#0046AA,#FF0050,#FFC800,#00C8FF,#0078FF,#00468C,Food,TRUE,,0,
Mountain Dew LiveWire,#140A00,#FFF5E6,#3C1E00,#FFE6D2,#FF7800,#FF961E,#C85000,#FFC800,#FFFF00,#FF5A00,#FF7800,#C85000,Custom,FALSE,,0,
Diet Mountain Dew,#0F190F,#F0F5EB,#283728,#AAB9AA,#87D700,#006E32,#DC1E28,#C8D7C8,#C3F03C,#FFFFFF,#00AF78,#5A8264,Custom,FALSE,,0,
Mtn Dew Voltage,#DA5059,#E57FCC,#473ED3,#EFB12F,#CA28E8,#9D78A9,#34472A,#81F363,#1D9B52,#2AAA49,#247604,#3B0398,Custom,FALSE,,0,
Baja Blast Storm,#0538AA,#726C3D,#18A955,#E7DF9E,#B909B4,#037E24,#B2ACF0,#40A704,#E0262D,#960F7D,#491A3B,#031E40,Custom,FALSE,,0,
Coke Ember,#6AE6D4,#E354B5,#B462E6,#361C72,#871947,#43269D,#07BB07,#345F5C,#5AA76A,#9C4222,#A2CA7A,#0A516B,Custom,FALSE,,0,
Cherry Fizz,#C55B2C,#C6A3AE,#9609A1,#77261B,#79DC0F,#91FBDC,#A1D94D,#CF6D7A,#43391E,#2ABE84,#B8E39C,#FBD0B0,Custom,FALSE,,0,
Root Beer Cascade,#312B08,#0B617B,#FCFBEC,#7F9DC2,#4FB3DF,#714A86,#C8D9C1,#0C80AE,#48F241,#493FF8,#180424,#B6F006,Custom,FALSE,,0,
Fanta Burst,#A7824A,#F0918D,#9E5284,#43180A,#84EA90,#CAFF66,#B35C52,#75FB38,#041D2A,#051E43,#853E2B,#9B1227,Custom,FALSE,,0,
Dr Pepper Dusk,#1756CE,#312F45,#68B255,#A3E3FC,#3EBD56,#768745,#FDB132,#EC831D,#D20536,#0F7615,#8B8A94,#5D1C23,Custom,FALSE,,0,
Sprite Lightning,#225D88,#7D1937,#31EC74,#AD010E,#899277,#D07C1F,#C45AA8,#BFC67A,#464F8A,#01481E,#FEB39E,#BF31BA,Custom,FALSE,,0,
Pepsi Nova,#5A1A1A,#B76259,#946820,#E301B8,#EB3A46,#3C3BEE,#E00120,#A9B427,#E2EA7C,#6643BE,#FA1774,#F54B0A,Custom,FALSE,,0,
Cream Soda Mist,#6B7DD2,#4F31E0,#0D6229,#99DD81,#09329F,#7961D3,#690B20,#D55781,#B7FD74,#EE0DD0,#9BBD70,#8CB2CC,Custom,FALSE,,0,
Cola Inferno,#7EAC91,#2B0802,#752AA2,#BA4D0E,#0FE3AE,#B2AE7A,#0B2E73,#0B5009,#10D735,#490AC6,#F88ED7,#1A10A2,Custom,FALSE,,0,
Lemon Twist Pop,#A7C351,#4A9DD2,#20F065,#457349,#300C22,#24FEAF,#F9B3E4,#418DB1,#AB42BE,#AEBFFA,#ED5EFB,#D5E2E4,Custom,FALSE,,0,
Orange Splash,#0BB182,#282256,#A5018E,#898BF6,#0D76F5,#C934F7,#6EF64E,#E8BD18,#DF2ED2,#4126AF,#40509A,#44E571,Custom,FALSE,,0,
Berry Fizz Surge,#DBD6CA,#DDCBCF,#1004E8,#B7306B,#C36358,#0C045D,#1DDABD,#75202A,#7978DC,#B32DB4,#0CADC2,#60DCA8,Custom,FALSE,,0,
Grape Mist Pop,#47DC92,#6CB899,#604021,#4F6E45,#1EE580,#3A693B,#8DD2AA,#71C308,#6536FF,#303386,#4E2F46,#E404CB,Custom,FALSE,,0,
Halo 3 Spartan,#111111,#EFEFEF,#626262,#B0B0B0,#90A560,#31787E,#325992,#9B3332,#DB8B00,#F3BC2B,#5588DB,#553E8F,Custom,FALSE,,0,
Halo 3 Covenant,#111111,#EFEFEF,#513714,#E0BEA2,#31787E,#4ABBC1,#91EDEC,#553E8F,#9175E3,#C4B4FD,#325992,#830147,Custom,FALSE,,0,
Halo 3 LiveFire,#111111,#EFEFEF,#626262,#B0B0B0,#9B3332,#DB6766,#EE807F,#DB8B00,#F8AE58,#FECB9C,#F3BC2B,#CCAE2C,Custom,FALSE,,0,
Coca-Cola,#1A0000,#FFF0F0,#660000,#FFD6D6,#C40000,#FF1A1A,#990000,#FFFFFF,#FFCCCC,#660000,#C40000,#660000,Custom,FALSE,,0,
Pepsi,#000A1A,#F0F6FF,#001F3F,#D6E6FF,#0033A0,#005CBF,#001F7A,#E6002D,#FFFFFF,#7FDBFF,#0033A0,#001F7A,Custom,FALSE,,0,
Sprite,#002814,#F2FFF9,#004D2A,#D6FFEC,#00FF7F,#33CC99,#009966,#FFFFFF,#CCFFE6,#00CC66,#009966,#006644,Custom,FALSE,,0,
Dr Pepper,#1A000A,#FFF0F6,#4D001F,#FFD6E6,#7A0026,#B3003B,#4D001F,#C68642,#FFD1A1,#8B4513,#7A0026,#4D001F,Custom,FALSE,,0,
Fanta Orange,#2A1400,#FFF3E0,#663300,#FFE0B2,#FF6F00,#FF9100,#E65100,#FFD180,#FFF3E0,#FFAB40,#FF6F00,#E65100,Custom,FALSE,,0,
Autumn,#372319,#FFF8F0,#55412D,#FAEBD7,#CD5C5C,#FFA500,#DAA520,#8B4513,#FF8C00,#A0522D,#FF4500,#800000,Custom,FALSE,,0,
Earthy Autumn,#331900,#FFF7E6,#663300,#FFEBCD,#FF9933,#CC6600,#994C00,#FFCC99,#FF6666,#804000,#CC6600,#663300,Custom,FALSE,,0,
Autumn Harvest,#3C1E0A,#FFF8DC,#8B4513,#FFE4C4,#FF8C00,#DAA520,#CD5C5C,#B8860B,#F4A460,#FFDEAD,#DAA520,#CD5C5C,Custom,FALSE,,0,
Winter,#14283C,#F0FAFF,#2D465A,#DCEBF5,#87CEFA,#00BFFF,#6495ED,#B0E0E6,#4682B4,#008080,#0066CC,#003366,Custom,FALSE,,0,
Winter Frost,#003366,#F5FFFF,#191970,#E0FFFF,#B0E0E6,#87CEFA,#4682B4,#ADD8E6,#F0FFFF,#00BFFF,#00BFFF,#4682B4,Custom,FALSE,,0,
Winter Chill,#283C50,#F5FAFF,#506E82,#E6F0FA,#B4D2E6,#6496B4,#78B4C8,#A0C8DC,#C8DCE6,#64788C,#6496B4,#A0C8DC,Custom,FALSE,,0,
SpringBloom,#3CB371,#FFFFF0,#228B22,#FFFAFA,#FFB6C1,#DDA0DD,#90EE90,#FFEFD5,#FFE4E1,#B0E0E6,#3CB371,#90EE90,Custom,FALSE,,0,
Summer Beach,#141414,#FFFFF5,#2D2D2D,#FFFAE6,#FFCC00,#FF6600,#0099CC,#00CC99,#FF4040,#FFC0CB,#0066CC,#FF6600,Custom,FALSE,,0,
Summer Hot,#402000,#FFF4E6,#663300,#FFE8CC,#FF5722,#FFB347,#CC5500,#FF8C00,#FFCC00,#993300,#CC5500,#663300,Custom,FALSE,,0,
Summer Cool,#14213D,#E3F2FD,#0F192D,#C8E6FA,#2196F3,#90CAF9,#FF6F61,#FFB74D,#673AB7,#03A9F4,#2196F3,#673AB7,Custom,FALSE,,0,
Halloween,#2D1E0A,#FFF4D6,#5A2D00,#FFD278,#FF4500,#000000,#550055,#FF8C00,#FFA500,#800000,#FF4500,#800000,Custom,FALSE,,0,
Christmas,#003300,#FFFAF0,#228B22,#F0FFF0,#DC143C,#FFD700,#008000,#FF4500,#FFF8DC,#8B4513,#006400,#DC143C,Custom,FALSE,,0,
Valentines,#731428,#FFF0F5,#B4324B,#FFD2DC,#FF0066,#FF69B4,#FFB6C1,#C71585,#DC143C,#FF1493,#FF1493,#C71585,Custom,FALSE,,0,
Fourth Of July,#00205B,#FFFFFF,#B31942,#C8DCF0,#0039A6,#FF0000,#FFFFFF,#6495ED,#DC143C,#C0C0C0,#0000FF,#FF0000,Custom,FALSE,,0,
St Patricks Day,#003300,#F0FFF0,#228B22,#98FB98,#008000,#FFD700,#32CD32,#ADFF2F,#6B8E23,#FFDF00,#006400,#B8860B,Custom,FALSE,,0,
Easter,#7B68EE,#FFFAF0,#BA55D3,#FFF0F5,#FFB6C1,#B0E0E6,#FFEFD5,#98FB98,#FFDEAD,#FFDAB9,#7B68EE,#FFB6C1,Custom,FALSE,,0,
Cinco De Mayo,#660000,#FFFFF0,#006400,#F0FFF0,#DC143C,#32CD32,#FFD700,#FF8C00,#228B22,#FFFF66,#008000,#B22222,Custom,FALSE,,0,
Mardi Gras,#301934,#FFFAF0,#006400,#F0FFF0,#800080,#008000,#FFD700,#BA55D3,#228B22,#FFDF00,#800080,#008000,Custom,FALSE,,0,
Atlanta Hawks,#000000,#FFFFFF,#C8102E,#C4D600,#C8102E,#C4D600,#000000,#FFFFFF,#808080,#DC143C,#C8102E,#C4D600,Custom,FALSE,,0,
Gators,#000000,#FFFFFF,#2D2D2D,#F0F0F0,#0021A5,#FA4616,#003DFF,#FF783C,#001466,#802000,#0021A5,#FA4616,Custom,FALSE,,0,
Seminoles,#782F40,#FFFFFF,#662633,#EEE2B7,#782F40,#CEB888,#FFD700,#A67C52,#FFFFFF,#000000,#782F40,#A67C52,Custom,FALSE,,0,
Chicago Bulls,#000000,#FFFFFF,#3C0000,#F0F0F0,#CE1141,#000000,#FFFFFF,#8B0000,#D4AF37,#DCDCDC,#CE1141,#8B0000,Custom,FALSE,,0,
Georgia Bulldogs,#000000,#FFFFFF,#BA0C2F,#F5F5F5,#BA0C2F,#000000,#FFFFFF,#A9A9A9,#FF0000,#8B0000,#BA0C2F,#000000,Custom,FALSE,,0,
AtlantaBraves,#0C2340,#FFFFFF,#CE1126,#F5F5F5,#0C2340,#CE1126,#FFC325,#000080,#B22222,#FFD700,#CE1126,#0C2340,Custom,FALSE,,0,
Kansas City Chiefs,#E31837,#FFFFFF,#FFB81C,#F5F5F5,#E31837,#FFB81C,#FFFFFF,#8B0000,#FFD700,#B22222,#E31837,#FFB81C,Custom,FALSE,,0,
Green Bay Packers,#203731,#FFFFFF,#10231F,#F0F0F0,#203731,#FFB612,#006400,#FFFFFF,#808000,#FFDAB9,#203731,#006400,Custom,FALSE,,0,
Dallas Cowboys,#0A184A,#FFFFFF,#003087,#E0E0E0,#0033A0,#C0C0C0,#000000,#FFFFFF,#787878,#646464,#0033A0,#C0C0C0,Custom,FALSE,,0,
New York Yankees,#0F1F40,#FFFFFF,#07142C,#E6E6E6,#182B54,#C0C0C0,#FFFFFF,#404040,#B4B4B4,#000000,#182B54,#404040,Custom,FALSE,,0,
Los Angeles Lakers,#311934,#FFFFFF,#260F2B,#E6E1E6,#552582,#FFD700,#FFDF00,#9682B4,#4B0082,#E6E6B4,#552582,#FFD700,Custom,FALSE,,0,
Boston Celtics,#00331B,#FFFFFF,#002814,#E6F0E6,#008000,#FFFFFF,#006400,#90EE90,#696969,#C0C0C0,#008000,#006400,Custom,FALSE,,0,
Pittsburgh Steelers,#000000,#FFFFFF,#232323,#DCDCDC,#FFCC00,#FF0000,#0099CC,#009933,#696969,#A0A0A0,#FFCC00,#0099CC,Custom,FALSE,,0,
Miami Dolphins,#003333,#FFFFFF,#005A5A,#E6F5F5,#009999,#FF6633,#FFFFFF,#80C8C8,#E6E6E6,#005A5A,#009999,#FF6633,Custom,FALSE,,0,
Toronto Maple Leafs,#00205B,#FFFFFF,#00143C,#E6E6FF,#002D72,#FFFFFF,#C8DCFF,#6482B4,#324B78,#B4C8E6,#002D72,#6482B4,Custom,FALSE,,0,
One Piece,#000000,#FFFFFF,#2D2D2D,#F0F0F0,#FF2C2C,#FFD700,#0099FF,#3CB371,#FF8C00,#800080,#0066CC,#FF8C00,Custom,FALSE,,0,
Luffy,#000000,#FFFFFF,#2C2C2C,#F5F5F5,#FF2C2C,#FFD700,#C81E1E,#FFB400,#B40000,#644B00,#FF2C2C,#B40000,Custom,FALSE,,0,
Hunter X Hunter,#191919,#F0F0F0,#373737,#D2D2D2,#FFDF00,#0080FF,#505050,#C8C8C8,#FF8C00,#004080,#0080FF,#FF8C00,Custom,FALSE,,0,
Naruto,#1E1E1E,#FFFAF0,#3C3C3C,#F5EBDC,#FF6600,#0066CC,#000000,#FFCC99,#FFFF66,#996633,#0066CC,#FF6600,Custom,FALSE,,0,
Attack On Titan,#2D2821,#F0E6DC,#464137,#E6DCD2,#808080,#CC5500,#000000,#C8C8C8,#A0522D,#696969,#808080,#CC5500,Custom,FALSE,,0,
My Hero Academia,#282828,#FFFFFF,#464646,#F0F0F0,#0066CC,#FF0000,#FFFF00,#FFA500,#003366,#800000,#0066CC,#FF0000,Custom,FALSE,,0,
Demon Slayer,#0F1E19,#FFFFFF,#2D5A4B,#D2F0DC,#006633,#00CC66,#FF4500,#FFD700,#00BFFF,#808080,#006633,#FF4500,Custom,FALSE,,0,
Full metal Alchemist,#28281E,#FFFFF0,#50503C,#E6E6C8,#CC9900,#FF3333,#663300,#E6CC99,#800000,#C0C0C0,#CC9900,#FF3333,Custom,FALSE,,0,
Tokyo Ghoul,#141414,#FAFAFA,#2D2D2D,#E1E1E1,#FF0000,#3C3C3C,#696969,#A9A9A9,#000000,#FFFFFF,#FF0000,#3C3C3C,Custom,FALSE,,0,
Death Note,#0A0A0A,#F5F5F5,#282828,#D2D2D2,#FF0000,#FFFFFF,#000000,#505050,#969696,#C80000,#FF0000,#969696,Custom,FALSE,,0,
Dragon BallZ,#1E1E1E,#FFFFF0,#464646,#F0F0D2,#FF6600,#003399,#FFFF00,#CC5500,#0066CC,#800000,#FF6600,#003399,Custom,FALSE,,0,
Light Mode,#212121,#FFFFFF,#505050,#F0F0F0,#0078D7,#0099BC,#3CB371,#FFCC00,#FF8000,#FF6347,#0066CC,#660099,Custom,FALSE,,0,
Bone,#464646,#F5F5EB,#696969,#FFFAF0,#DED2AA,#C8B496,#B4A082,#A08C6E,#8C785A,#786446,#785A3C,#968264,Custom,FALSE,,0,
Dark Mode,#E6E6E6,#222222,#C8C8C8,#333333,#0096FF,#00C88C,#FF8C00,#C864FF,#FF0064,#8000FF,#0078FF,#AA55FF,Custom,FALSE,,0,
Dark Knight Mode,#0F0F0F,#282828,#191919,#3C3C3C,#FFD700,#696969,#A9A9A9,#FFFFFF,#800000,#000000,#FFD700,#A9A9A9,Custom,FALSE,,0,
Subtle Earth Tones,#3C3228,#F5F0E6,#5A4B3C,#E6DCD2,#B9AA91,#9B8C73,#7D6E5A,#AA967D,#917D64,#C8B9A5,#7D6E5A,#B9AA91,Custom,FALSE,,0,
Desert Mirage,#472D1B,#FCF4E7,#6B4824,#F0E0C8,#E6B681,#BD9E78,#FFD580,#D4AF37,#C68642,#B36226,#FFAC59,#806040,Custom,FALSE,,0,
Forest Canopy,#112414,#F0FFF0,#225533,#C8E8C8,#336600,#99CC00,#669900,#CCFF99,#006633,#009966,#228B22,#90EE90,Custom,FALSE,,0,
Forest Night,#0A1E0A,#F0FAF0,#1E3C1E,#C8DCC8,#228B22,#3CB371,#6B8E23,#556B2F,#90EE90,#006400,#3CB371,#6B8E23,Custom,FALSE,,0,
Ocean Abyss,#001428,#E0FFFF,#003C5A,#C8E6FF,#006994,#00BFFF,#4682B4,#40E0D0,#B0E0E6,#191970,#00BFFF,#40E0D0,Custom,FALSE,,0,
SunsetDune,#381D11,#FDF5E6,#704214,#FFE4C4,#FF8C00,#FF6347,#F08080,#D2691E,#FFA07A,#E9967A,#FF4500,#8B4513,Custom,FALSE,,0,
Sunset,#321428,#FFF0E6,#64323C,#FFD2B4,#FF5E4D,#FFA500,#FFC371,#E67850,#A03C5A,#FF8080,#FF4500,#8B0000,Custom,FALSE,,0,
Spicy Sunset,#461E00,#FFF5EB,#782800,#FFEBD2,#FF8C00,#FF5E4D,#FFB74C,#C66C3A,#FFCC99,#994C00,#C66C3A,#FFB74C,Custom,FALSE,,0,
Solar Flare,#191970,#FFFACD,#FF4500,#FFD700,#FF8C00,#FF6347,#FF0000,#FFA500,#FFD700,#FFEFD5,#FF4500,#B8860B,Custom,FALSE,,0,
Aurora Borealis,#0A141E,#F5FFFF,#004080,#C0E0FF,#00FFC4,#99FFFF,#66FFFF,#FF99FF,#8000FF,#0099CC,#00CCFF,#CCFFFF,Custom,FALSE,,0,
Twilight Sky,#2D233C,#E6DCEB,#4B3C5A,#C8BED2,#FF5E4D,#9966CC,#6699CC,#FFB380,#704291,#CC99FF,#9966CC,#FF5E4D,Custom,FALSE,,0,
Stormy Sky,#1E2832,#D2DCE6,#3C4B5A,#B4BEC8,#4682B4,#696969,#A9A9A9,#708090,#000080,#778899,#4682B4,#708090,Custom,FALSE,,0,
Mountain Peak,#282828,#F5FAFF,#464646,#C8DCE6,#696969,#B0C4DE,#003366,#D2B48C,#778899,#FFFAFA,#003366,#B0C4DE,Custom,FALSE,,0,
Foggy Morning,#505050,#F5F5F5,#828282,#D2D2D2,#B4B4B4,#969696,#87CEEB,#C8C8D2,#AAAAB4,#DCDCDC,#87CEEB,#969696,Nature,TRUE,,0,
Retro Arcade,#0A0A0A,#F0F0F0,#3C3C3C,#C8C8C8,#FF0000,#FFFF00,#0000FF,#00FF00,#FFA500,#FFC0CB,#0000FF,#FF0000,Custom,FALSE,,0,
Fantasy RPG,#281E19,#F5F0E6,#5A4B3C,#E6DCD2,#78966E,#B43232,#5A5A5A,#C8B478,#32321E,#96785A,#B43232,#5A5A5A,Custom,FALSE,,0,
Post Apocalyptic,#282823,#E6E6D2,#5A5046,#D2C8BE,#D2691E,#808000,#696969,#9ACD32,#8B4513,#BC8F8F,#9ACD32,#D2691E,Custom,FALSE,,0,
Sci Fi Space,#0A1423,#F0F5FF,#1E3C5A,#C8DCF0,#00CCFF,#3399FF,#C0C0C0,#00FFCC,#FFFFFF,#66B2FF,#3399FF,#00CCFF,Custom,FALSE,,0,
SciFi,#14141E,#F0F5FA,#46465A,#BEC8DC,#00FFFF,#0080FF,#00FF80,#8000FF,#FF00FF,#C0C0C0,#0080FF,#00FFFF,Custom,FALSE,,0,
Cartoon Platformer,#282828,#FFFFFF,#646464,#E6E6E6,#FF0000,#0000FF,#FFFF00,#00FF00,#FFA500,#FFC0CB,#0000FF,#FF0000,Custom,FALSE,,0,
Pixel Art,#000000,#FFFFFF,#404040,#C0C0C0,#FF0000,#00FF00,#0000FF,#FFFF00,#FFA500,#800080,#0000FF,#FF0000,Custom,FALSE,,0,
Cyberpunk,#14141E,#282837,#460082,#6400FF,#FF1493,#00FFFF,#FFFF00,#FF69B4,#00BFFF,#8A2BE2,#FF69B4,#00FFFF,Custom,FALSE,,0,
Disgaea,#32004B,#FFF5E6,#781450,#FFD2BE,#FF3232,#FFBE00,#0078FF,#C864FF,#FF82C8,#5A008C,#0066CC,#CC6699,Custom,FALSE,,0,
Neon Grid,#050505,#E6FFFA,#191919,#C8FFFF,#00FFFF,#FF00FF,#FFFF00,#00FF7F,#FF69B4,#4B0082,#00FFFF,#FF00FF,Custom,FALSE,,0,
Synthwave,#0F0028,#FFC8E6,#320050,#FFA0B4,#FF1493,#FF8C00,#FF00FF,#00FFFF,#8000FF,#FF69B4,#FF1493,#00FFFF,Custom,FALSE,,0,
Techno,#0A0A0A,#1E1E1E,#00FF00,#32FF64,#00FFFF,#FF00FF,#FF69B4,#0080FF,#32CD32,#FFFF00,#00FFFF,#FF00FF,Custom,FALSE,,0,
Vaporwave,#26004D,#FFF0F5,#800080,#FFB6C1,#FF69B4,#00FFFF,#FF1493,#9370DB,#FFB6C1,#00CED1,#FF1493,#00FFFF,Custom,FALSE,,0,
Green'n'Purple,#000000,#FFFFFF,#4B4B4B,#E6E6E6,#4CAF50,#81C784,#9C27B0,#BA68C8,#1B5E20,#6A1B9A,#4CAF50,#9C27B0,Custom,FALSE,,0,
Pastel,#555555,#FFFFFF,#787878,#F5F5F5,#FFB6C1,#B0E0E6,#DDA0DD,#FFE4B5,#98FB98,#FFDEAD,#BA55D3,#8A2BE2,Custom,FALSE,,0,
Tropical,#032D2B,#F0F9F2,#074E47,#BEF3DD,#00A86B,#FFC300,#FF5733,#FF917D,#40E0D0,#28A745,#007B53,#FF4500,Custom,FALSE,,0,
Retro Terminal,#000000,#00FF00,#008000,#C0FFC0,#00FF00,#80FF80,#00C800,#3CFF3C,#1E961E,#00FF80,#00FF00,#00C800,Custom,FALSE,,0,
Neon City,#000000,#F0F8FF,#301934,#20B2AA,#FF1493,#00FFFF,#FFFF00,#00FF7F,#8A2BE2,#FF4500,#00FFFF,#FF1493,Custom,FALSE,,0,
MinimalMonochrome,#000000,#FFFFFF,#282828,#DCDCDC,#646464,#969696,#505050,#C8C8C8,#3C3C3C,#B4B4B4,#505050,#787878,Custom,FALSE,,0,
Rose Gold,#463430,#FFFAFA,#B76E79,#FFE4E1,#FFC0CB,#CD5C5C,#E9967A,#FFB6C1,#DA70D6,#BC8F8F,#C71585,#8B008B,Custom,FALSE,,0,
Emerald Night,#003333,#F0FFF0,#228B22,#98FB98,#008000,#00FF7F,#3CB371,#00FA9A,#32CD32,#2E8B57,#00FF7F,#228B22,Custom,FALSE,,0,
Royal Velvet,#140A28,#FAF5FF,#32145A,#EBE1FF,#4B0082,#8A2BE2,#BA55D3,#DDA0DD,#9370DB,#483D8B,#8A2BE2,#BA55D3,Custom,FALSE,,0,
Brick Rust,#321E14,#FFFAF0,#503228,#F5DEB3,#B7410E,#784212,#964B00,#CD5C5C,#8B4513,#FFE4C4,#964B00,#CD5C5C,Custom,FALSE,,0,
Star Wars Jedi,#003366,#FFFFFF,#696969,#D2B48C,#87CEFA,#FFFFE0,#A9A9A9,#D2B48C,#4682B4,#000080,#4682B4,#003366,Custom,FALSE,,0,
Star Wars Jedi 2,#006400,#FFFFFF,#696969,#D2B48C,#32CD32,#98FB98,#A9A9A9,#D2B48C,#228B22,#008000,#2E8B57,#006400,Custom,FALSE,,0,
Star Wars Dark Side,#000000,#F5F5F5,#8B0000,#A9A9A9,#B22222,#696969,#708090,#DC143C,#2F4F4F,#A9A9A9,#B22222,#708090,Brand,TRUE,,0,
Butterfinger,#141414,#FFFAE6,#003399,#FFF096,#FFCC00,#0066CC,#FF8000,#663300,#FFDD55,#996633,#0066FF,#333399,Custom,FALSE,,0,
Snickers,#1E140A,#FAF5F0,#502814,#E6E6E6,#8B4513,#FFFFFF,#C80000,#003399,#F5DEB3,#D2691E,#0000C8,#800000,Custom,FALSE,,0,
Twix,#28140A,#FFF8DC,#783C1E,#FAEBC8,#D4AF37,#FF0000,#D2691E,#FFD700,#8B4513,#F5DEB3,#C80000,#783C1E,Custom,FALSE,,0,
Reeses,#1E0F05,#FFF0DC,#5A2D0F,#FFE6C8,#FF6600,#FFCC00,#8B4513,#FF9933,#CC6600,#663300,#FF8000,#994C00,Custom,FALSE,,0,
Vintage Sepia,#281E14,#F5EBDC,#5A4632,#DCC8AA,#704214,#BE9664,#996515,#CD853F,#B8860B,#8B4513,#654321,#704214,Custom,FALSE,,0,
LuxuryGold,#000000,#FFFFFF,#3C0000,#F0E6D2,#D4AF37,#996515,#8B4513,#FFD700,#800000,#404040,#DAA520,#800000,Custom,FALSE,,0,
Coffeehouse,#23140A,#FFF8E6,#654321,#DEB887,#6F4E37,#8B4513,#D2B48C,#F5DEB3,#A0522D,#502814,#654321,#8B4513,Custom,FALSE,,0,
Ice Cream Shop,#3C1E1E,#FFFFF0,#D26969,#F0FFF0,#98FB98,#FFB6C1,#F5F5DC,#8B4513,#FFDAB9,#CD853F,#FF69B4,#8B4513,Custom,FALSE,,0,
Tropical Fruit,#006400,#FFFFE0,#B22222,#FFEFD5,#FFD700,#DC143C,#FF8C00,#32CD32,#FF69B4,#008080,#008000,#B22222,Custom,FALSE,,0,
ColaClassic,#3C1E0A,#FFFFFF,#8B0000,#C0C0C0,#8B4513,#FF0000,#D3D3D3,#F5F5F5,#696969,#000000,#0000C8,#8B0000,Custom,FALSE,,0,
CottonCandy,#321E3C,#FFFAFA,#C71585,#B0E0E6,#FFB6C1,#87CEFA,#D8BFD8,#FF69B4,#ADD8E6,#DDA0DD,#FF69B4,#C71585,Custom,FALSE,,0,
Calm Serene,#3C4F41,#FFFDF0,#87CEEB,#E6E6FA,#B0C4B0,#87CEEB,#F5F5DC,#E6E6FA,#CAE6C9,#C8D2FA,#6495ED,#7B68EE,Custom,FALSE,,0,
High Energy,#000000,#FFFFFF,#0047AB,#FFFF00,#FF5F1F,#0047AB,#FFFF00,#000000,#FF8C00,#000080,#FF4500,#800000,Custom,FALSE,,0,
Dark Academia,#800020,#F5DEB3,#228B22,#D2B48C,#800020,#228B22,#F5DEB3,#36454F,#8B4513,#D2B48C,#8B0000,#36454F,Custom,FALSE,,0,
Ocean Breeze,#008080,#F4E1C1,#40E0D0,#8B6D5C,#008080,#40E0D0,#F4E1C1,#8B6D5C,#20B2AA,#5F9EA0,#00CED1,#008080,Custom,FALSE,,0,
Midnight Blue,#0B1026,#DDE7FF,#141B33,#C7D8FF,#1E3A8A,#3B82F6,#60A5FA,#93C5FD,#BFDBFE,#E0F2FE,#2563EB,#1E40AF,Custom,FALSE,,0,
Desert Sand,#6B4F2F,#FFF3D9,#8B6A3B,#FFE8B3,#C49A6C,#E5C07B,#F2D7A0,#FCEFD2,#D4A679,#B58863,#A66D3B,#C27A2C,Custom,FALSE,,0,
Neon Dream,#1A1A1A,#F5F5F5,#262626,#E8E8E8,#FF007F,#FF00FF,#7F00FF,#00FFFF,#00FF7F,#7FFF00,#00B2FF,#0086CC,Custom,FALSE,,0,
Forest Grove,#0F2A19,#DFF5E3,#1A3F26,#C3EBD1,#2E8B57,#4CAF50,#81C784,#A5D6A7,#66BB6A,#388E3C,#2E7D32,#145A32,Custom,FALSE,,0,
Firestorm,#2B0A0A,#FFE5E5,#4A0F0F,#FFCCCC,#FF3B3B,#FF7A00,#FFA800,#FFD000,#FF9124,#FF5E24,#C62828,#8E0000,Custom,FALSE,,0,
Royal Indigo,#1A1037,#EFE6FF,#281C52,#D7C7FF,#5A3EEC,#7C5BFF,#A289FF,#C4B5FD,#9C74FF,#6635FF,#4338CA,#312E81,Custom,TRUE,,0,
Golden Mist,#3A2F10,#FFF9DB,#524618,#F7E8AA,#D4AF37,#F2D479,#F9E7B1,#FFFBDB,#CFB465,#A68C44,#8C7330,#B8860B,Custom,FALSE,,0,
Ocean Wind,#082C36,#D9F7FF,#0E4756,#BFEFFF,#2CA6C8,#4DC7E8,#72DDF2,#A9F0FF,#66C0C8,#3398A0,#007C91,#005B66,Custom,FALSE,,0,
Bubblegum Pop,#2A0E24,#FFE3F7,#45163E,#FFC4EC,#FF5DB9,#FF85CE,#FFA3DF,#FFC2EF,#F54291,#E01E7A,#C2185B,#880E4F,Custom,FALSE,,0,
Molten Lava,#3A0A00,#FFE2D9,#641200,#FFC4B8,#FF4500,#FF6A33,#FF8E66,#FFB199,#D63A00,#A82800,#7F1D00,#5C1300,Custom,FALSE,,0,
Lunar Eclipse,#111111,#F0F0F0,#1D1D1D,#E1E1E1,#585858,#7C7C7C,#A5A5A5,#CFCFCF,#999999,#707070,#4A4A4A,#2F2F2F,Custom,FALSE,,0,
Pastel Meadow,#2C3A27,#F3FFF3,#3F5738,#DFFFDF,#A7E6A7,#C8F5C8,#E2FFE2,#F7FFF7,#82C482,#5EA05E,#3A7A3A,#285828,Custom,FALSE,,0,
Coral Reef,#122B2E,#E0F9F7,#1C4347,#C0F4F0,#FF6F61,#FFA987,#FFD1C4,#FFEDE6,#FF8C75,#E85B50,#CC4A3E,#9B3A30,Custom,FALSE,,0,
Aurora Neon,#040B1A,#E8F3FF,#0A152E,#CFE7FF,#00F0FF,#00C8FF,#2AAEFF,#5FA8FF,#A37BFF,#D966FF,#00A7CC,#007799,Custom,FALSE,,0,
Rustic Autumn,#3A1908,#FFEBDD,#522510,#FFD2BB,#B04900,#CC6A1E,#E09147,#F1B878,#A84300,#8C3500,#732A00,#5A2000,Custom,FALSE,,0,
Mint Sorbet,#12332D,#E3FFF7,#1B4C44,#C8FFF1,#6EE7C7,#8AF5D7,#B3FFEB,#D9FFF6,#44C19A,#2E9F7E,#1F7A63,#145C4B,Custom,FALSE,,0,
Cyber Grid,#0D0D1A,#E6E6FF,#14142B,#D9D9FF,#00FFF0,#00D8E0,#00B0D0,#007FBF,#005F8F,#003F5F,#008080,#00444C,Custom,FALSE,,0,
Caramel Swirl,#3E2C22,#FFF0E0,#5A4134,#FFDFC2,#D98C5F,#E6A67A,#F0C29D,#FBE2CD,#C47347,#A55634,#8A3D23,#6E2A18,Custom,FALSE,,0,
Tropical Punch,#1A1020,#FFE6FF,#2B1533,#FFC9FF,#FF4DA6,#FF75BF,#FFA0D6,#FFC4EA,#FF8ECB,#E35BA4,#A03E78,#702A54,Custom,FALSE,,0,
Slate Storm,#1E1E26,#ECECF2,#2A2A35,#DCDCE6,#6C6C7A,#8A8A99,#A8A8B3,#C7C7D0,#4E4E59,#3A3A44,#2A2A33,#1C1C25,Custom,FALSE,,0,
Arctic Ice,#0A1F28,#E3F8FF,#113544,#C2F0FF,#66D1FF,#99E2FF,#CCF3FF,#E9FCFF,#3BA8D4,#247A99,#155A73,#0D3F52,Custom,FALSE,,0,
Rose Dawn,#2F0E1A,#FFE6F0,#4B1528,#FFCDDF,#FF4F8C,#FF7DAA,#FFA5C3,#FFD0E0,#E6447E,#B83363,#992653,#701B3D,Custom,FALSE,,0,
Royal Marble,#1C1A26,#EFEFF7,#2C283D,#DCDCEC,#6B5BD6,#8C7BEF,#ADA4FF,#CCC8FF,#8574CC,#5748AA,#3D2C7C,#2A1E5A,Custom,FALSE,,0,
Cloudy Sky,#1A1E24,#F1F3F6,#262C33,#DEE2E6,#6B7C8C,#8FA2B5,#B0C2D4,#CDD9E4,#55738A,#39576B,#263B4D,#102439,Custom,FALSE,,0,
Cocoa Mint,#2E1C1A,#FCEFEA,#442723,#F8DED4,#D97A66,#E89A84,#F7B8A4,#FFD6CC,#C26754,#A55646,#8A463B,#70382E,Custom,FALSE,,0,
Sunflare,#271500,#FFF2CC,#3E2200,#FFE099,#F5A623,#FFC15A,#FFD88A,#FFE9B8,#E18C1A,#B56A14,#8A4F0F,#6B3A0A,Nature,TRUE,,0,
Emerald Tide,#00241C,#DAFFF7,#003B2D,#B3FFF0,#00CFA3,#31E6C1,#6FF2D7,#A8FFEB,#00A585,#007F67,#005F4D,#004538,Custom,FALSE,,0,
Velvet Rose,#2A0E13,#FFE6ED,#421520,#FFCADA,#FF5277,#FF7A9B,#FFA4BE,#FFC7D9,#E14464,#B83250,#8A243B,#661A2E,Custom,FALSE,,0,
Sunset Glow,#2E1A0F,#FFEBDD,#4A2A18,#FFD8BB,#F07F4F,#F59B75,#FBC3A8,#FFE2D3,#D6683F,#AC502E,#7F3920,#5A2817,Custom,FALSE,,0,
Iris Bloom,#1C1026,#F4EBFF,#2D193D,#E4D0FF,#7257D6,#9C85FF,#C9B8FF,#E7DFFF,#583CBD,#3B2799,#241966,#180F40,Custom,FALSE,,0,
Carbon Steel,#101010,#F2F2F2,#1B1B1B,#E0E0E0,#5A5A5A,#7A7A7A,#A1A1A1,#C8C8C8,#4A4A4A,#343434,#1F1F1F,#151515,Custom,FALSE,,0,
Electric Lime,#0E2600,#ECFFDA,#154000,#D9FFB3,#7FFF00,#A6FF4D,#C9FF99,#E4FFC9,#66CC00,#4DA300,#397A00,#265200,Custom,FALSE,,0,
Mocha Cream,#2A1D18,#FFF2E8,#3E2C24,#FFE1CC,#C49B7C,#DEB9A0,#F2D4BF,#FFEDE2,#A67F62,#8C6950,#735540,#5C4434,Custom,FALSE,,0,
Iceberry,#150F26,#F3EDFF,#221A3D,#E1D7FF,#A542FF,#C47AFF,#DEB0FF,#F4DEFF,#8430CC,#662599,#4C1C73,#35154F,Custom,FALSE,,0,
Seafood Boil,#2A120C,#FAF5EB,#552319,#F5D778,#C32314,#FFB92D,#914123,#78A51E,#FF7D50,#283C55,#007DD7,#6E87A0,Food,FALSE,,0,
Neon Shadow,#121212,#F0F0F0,#212121,#AAAAAA,#BF00FF,#373737,#555555,#787878,#4B0082,#E099FF,#BF00FF,#8A2BE2,Custom,FALSE,,0,
Red Shadows,#120C0C,#F2E6E6,#2A1E1E,#A58C8C,#D72828,#FF5050,#641414,#FF8282,#410F0F,#FFB4B4,#FF3264,#825A6E,Custom,FALSE,test,0,
Blackberry & Sear,#160C14,#F2EBE6,#301826,#C3AFB9,#911E50,#BE2D2D,#D29B4B,#648246,#69372D,#B47896,#3C8CE6,#826EA0,,FALSE,,0,
Froglegs Buffet,#121C14,#F5F8EB,#2C3426,#C3D0AA,#66A64B,#BE8C2D,#377364,#A8DA3C,#B95A3C,#788C82,#008C96,#6E5064,Food,FALSE,,0,
Whiskey Sour,#1C120C,#F5EEDC,#36261B,#C6B191,#D4872A,#F2C335,#B8232A,#9CB2BD,#6B732E,#A6541F,#FFAE42,#9E763F,,FALSE,,0,
Bahama Mama,#0F2337,#F8F1E3,#1C384B,#D2EFF0,#FF5E3A,#FFB800,#14B4B4,#6ABF4B,#DB3A73,#55B9EB,#0077CC,#8C50A0,,FALSE,,0,
